director_id,director
0,Fred Cavayé
1,David Cronenberg
2,Charlie McDowell
3,Destin Daniel Cretton
4,Vittorio De Sica
5,Stéphane Aubier
6,Vincent Patar
7,Henry Alex Rubin
8,Eric Hurt
9,Paul W.S. Anderson
10,Noam Murro
11,Mel Gibson
12,Patrick Tatopoulos
13,Anthony Leonardi III
14,Alejandro Hidalgo
15,Michael Lander
16,Reginald Le Borg
17,Wai-Keung Lau
18,Alan Mak
19,Paco Plaza
20,Franklin J. Schaffner
21,Amy Heckerling
22,Krzysztof Kieslowski
23,Ficarra
24,Picone
25,Shimit Amin
26,Oliver Stone
27,Peter Jackson
28,Jacques Tati
29,James Merendino
30,Glenn Ficarra
31,John Requa
32,Scott Hicks
33,Matthew Vaughn
34,Larry Charles
35,Jeremy Leven
36,Yuri Mamin
37,John Stockwell
38,Craig Moss
39,Sam Mendes
40,Rick Rowley
41,John N. Smith
42,Tom Hooper
43,Mike Leigh
44,Jonas Mekas
45,Robert Redford
46,Mike Nichols
47,Richard Donner
48,Will Gluck
49,Paul Thomas Anderson
50,Tony Scott
51,Boris Aljinovic
52,Harald Siepermann
53,Billy Wilder
54,Dennis Dugan
55,Dan Scanlon
56,Ingmar Bergman
57,Mark Mylod
58,Ethan Coen
59,Joel Coen
60,Kamal Tabrizi
61,Michael Brandt
62,Luc Jacquet
63,Wes Ball
64,Stuart Rosenberg
65,Lasse Hallström
66,Henry Bean
67,Edgar Wright
68,Michael Radford
69,Vic Armstrong
70,Frank Oz
71,Olaf de Fleur Johannesson
72,Ridley Scott
73,Jon Stewart
74,Martin Campbell
75,Daniel Monzón
76,Bobby Farrelly
77,Peter Farrelly
78,Darren Aronofsky
79,Robert Benton
80,Jim Abrahams
81,David Zucker
82,Jerry Zucker
83,Ang Lee
84,Burr Steers
85,Bill Condon
86,Leni Riefenstahl
87,Michael Mann
88,Andrew Dominik
89,Brian Savelson
90,Tze Chun
91,Stan Winston
92,Penny Marshall
93,Christopher Nolan
94,Wolfgang Petersen
95,Alfred Hitchcock
96,Dino Risi
97,Marc Webb
98,Seth MacFarlane
99,Johnnie To
100,Jules Bass
101,Arthur Rankin Jr.
102,Stanley Kubrick
103,Richard Shepard
104,James Wong
105,Tom Shadyac
106,Nadine Labaki
107,David Robert Mitchell
108,Terry Gilliam
109,Simon Barrett
110,Jason Eisener
111,Gareth Evans
112,Gregg Hale
113,Eduardo Sánchez
114,Timo Tjahjanto
115,Adam Wingard
116,Victor Salva
117,Greg McLean
118,Michael J. Bassett
119,Maggie Carey
120,Niki Caro
121,Gregory Hoblit
122,Sarah Smith
123,Barry Cook
124,Taylor Hackford
125,Brad Anderson
126,Michael Cimino
127,Quentin Tarantino
128,Steven Spielberg
129,Ti West
130,Kadir Balci
131,Michael Bay
132,Sylvester Stallone
133,Steve Gomer
134,Peyton Reed
135,Vincente Minnelli
136,Michael Lembeck
137,Navaniat Singh
138,Zoya Akhtar
139,Spike Jonze
140,Zhora Kryzhovnikov
141,Woody Allen
142,Peter Hyams
143,Mikio Naruse
144,Maïwenn
145,Adam McKay
146,Alan White
147,Diederik Van Rooijen
148,Chan-wook Park
149,Víctor González
150,Jason Trost
151,Brett Morgen
152,Rod Lurie
153,Angelina Jolie
154,Barbra Streisand
155,Nagesh Kukunoor
156,Elia Kazan
157,Jamie Babbit
158,Kevin Carraway
159,Dean Parisot
160,Thor Freudenthal
161,Joby Harold
162,Asghar Farhadi
163,Sergio Leone
164,David Ayer
165,Grant Heslov
166,Jorge R. Gutiérrez
167,Barry Sonnenfeld
168,Lena Koppel
169,Terry Jastrow
170,Paul Greengrass
171,David Wain
172,Ken Kwapis
173,Gabriela Cowperthwaite
174,Jason Reitman
175,Hayao Miyazaki
176,Eric Heisserer
177,McG
178,Jonathan Mostow
179,Sanaa Hamri
180,Ki-duk Kim
181,Pierre Coffin
182,Chris Renaud
183,Tamara Jenkins
184,Dennis Gansel
185,John G. Avildsen
186,Mikael Håfström
187,Sidney Poitier
188,Duncan Jones
189,Daniel Stamm
190,Gavin Hood
191,Rupert Sanders
192,Marcello Macchia
193,Rick Rosenthal
194,Andy Wachowski
195,Lana Wachowski
196,Justin Lin
197,Richard Ayoade
198,Alex Proyas
199,James Wan
200,Omid Nooshin
201,Matthew Ryan Hoge
202,Laura Poitras
203,Reem Kherici
204,Mike Mitchell
205,Frank Coraci
206,Takashi Miike
207,Victor Fleming
208,George Cukor
209,Mervyn LeRoy
210,Norman Taurog
211,King Vidor
212,Paul Feig
213,Noah Baumbach
214,Sandra Nettelbeck
215,Charlotte Brändström
216,Peter Faiman
217,Tim Burton
218,Jonathan Kaplan
219,David Gordon Green
220,Guy Hamilton
221,Sergio Bianchi
222,Emilio Portes
223,David Brooks
224,Bennett Miller
225,C. Jay Cox
226,Hong-seon Kim
227,Sanjay Leela Bhansali
228,Mitchell Lichtenstein
229,Vikramaditya Motwane
230,Daniel Cohen
231,Brett Leonard
232,Steven Soderbergh
233,Brian De Palma
234,Lee Daniels
235,Majid Majidi
236,Yaron Zilberman
237,Peter Weir
238,Jan Komasa
239,Stuart Baird
240,Robert Luketic
241,Jalmari Helander
242,Pierre Morel
243,Roger Spottiswoode
244,Pat O'Connor
245,Jake Schreier
246,Jim Mickle
247,Jon Turteltaub
248,Wilson Yip
249,Roland Emmerich
250,Yann Samuell
251,Rufus Norris
252,Elliott Lester
253,Isao Takahata
254,Ted Post
255,Sergio Castellitto
256,Scott Derrickson
257,Justin Reardon
258,M. Night Shyamalan
259,Rowan Joffe
260,Chris Columbus
261,Bradley Parker
262,Bryan Singer
263,J.C. Chandor
264,Allen Coulter
265,Michaël Youn
266,Guy Ritchie
267,Denis Villeneuve
268,Francis Lawrence
269,Aamir Khan
270,Amole Gupte
271,Marlen Khutsiev
272,Michael Anderson
273,Todd Phillips
274,Drew Tobia
275,Norman Jewison
276,Paddy Considine
277,Doug Liman
278,Larysa Kondracki
279,Gus Van Sant
280,Krishna D.K.
281,Raj Nidimoru
282,Jean-Jacques Annaud
283,Tara Johns
284,Anand Gandhi
285,Michael Greenspan
286,Cameron Crowe
287,David Fincher
288,Christopher McQuarrie
289,Pete Travis
290,Jean-Luc Godard
291,Alan Parker
292,Lake Bell
293,A.R. Murugadoss
294,Francis Veber
295,Martin Scorsese
296,Drew Pearce
297,William Friedkin
298,Ivan Reitman
299,Cristi Puiu
300,Troy Duffy
301,Shane Black
302,Ralph Fiennes
303,Brian G. Hutton
304,Mike Newell
305,Don Taylor
306,Mike Hodges
307,Barry Levinson
308,Keoni Waxman
309,Nicole Kassell
310,Jeff Wadlow
311,Alan Polsky
312,Gabe Polsky
313,Greg Mottola
314,Henry King
315,Paul Wendkos
316,D.J. Caruso
317,Michael Haneke
318,Stephen Sommers
319,Alejandro Amenábar
320,Steve Clark
321,John Luessenhop
322,Mathieu Kassovitz
323,Andrew Black
324,Paul Haggis
325,Paul Hyett
326,Brandon Camp
327,Camille Delamarre
328,Clint Eastwood
329,John Curran
330,Andrew Stanton
331,Mani Haghighi
332,Roman Coppola
333,Bill Kroyer
334,C.J. Hunt
335,Nancy Meyers
336,Asif Kapadia
337,Keishi Ohtomo
338,Forugh Farrokhzad
339,Danny Boyle
340,Jee-woon Kim
341,Ben Shapiro
342,Peter Ramsey
343,Alex Garland
344,Biyi Bandele
345,George Miller
346,Gary Eck
347,David Peers
348,Joe Wright
349,Jim Henson
350,Robert Schwentke
351,Dwight H. Little
352,Joe Carnahan
353,Wes Craven
354,Anurag Basu
355,Jonathan Liebesman
356,Robert Houston
357,George P. Cosmatos
358,Olivier Megaton
359,John Carpenter
360,John Hillcoat
361,Michel Gondry
362,John Guillermin
363,David Silverman
364,Dean DeBlois
365,Chris Sanders
366,Paul Schrader
367,Jake Kasdan
368,Julie Delpy
369,William Baker
370,Matt Reeves
371,Shawn Levy
372,Phil Lord
373,Christopher Miller
374,James Ponsoldt
375,Erol Özlevi
376,John Gulager
377,Etan Cohen
378,Mike Flanagan
379,André van Duren
380,Damien Chazelle
381,Michiel ten Horn
382,John Slattery
383,Nick Cassavetes
384,Jeff Tremaine
385,Guillermo Arriaga
386,Gregor Jordan
387,John Roberts
388,Paris Barclay
389,Björne Larson
390,Susanne Bier
391,Louis Leterrier
392,Jerzy Skolimowski
393,Jonathan Brough
394,Jonathan Tzachor
395,Fede Alvarez
396,John McNaughton
397,Jirí Menzel
398,Bill Paxton
399,David Lean
400,Sepideh Farsi
401,Bernard Rose
402,David Zellner
403,Takeshi Kitano
404,John Dahl
405,Jonathan Segal
406,Rupert Goold
407,Mark Waters
408,Saul Dibb
409,Miguel Arteta
410,Kôji Morimoto
411,Tensai Okamura
412,Katsuhiro Ôtomo
413,Ericson Core
414,Peter de Baan
415,Brad Furman
416,Q. Allan Brocka
417,Peter Templeman
418,William Wyler
419,Fenton Bailey
420,Randy Barbato
421,Paul Verhoeven
422,Fred Zinnemann
423,David Gelb
424,Fernando Meirelles
425,David Dobkin
426,Luca Guadagnino
427,J.A. Bayona
428,Gore Verbinski
429,Kevin Reynolds
430,James Gray
431,James Ward Byrkit
432,David Anspaugh
433,Shane Carruth
434,Jay Duplass
435,Mark Duplass
436,Philipp Stölzl
437,Shion Sono
438,Alan Taylor
439,Albert Hughes
440,Allen Hughes
441,Tobias Lindholm
442,Noel Clarke
443,Kevin Greutert
444,Peter Howitt
445,Liz Garbus
446,Jon Favreau
447,Cary Joji Fukunaga
448,Craig Johnson
449,Ole Bornedal
450,Kevin Macdonald
451,Walter Hill
452,Ron Morales
453,Lars von Trier
454,Tadayoshi Yamamuro
455,Nora Ephron
456,Peter Hedges
457,Nicolas Winding Refn
458,Irvin Kershner
459,Morgan Neville
460,Travis Mathews
461,Peter Berg
462,J.B. Whirtley
463,Manuel Martín Cuenca
464,Kinka Usher
465,Trish Sie
466,Harald Zwart
467,Kimberly Peirce
468,David Hackl
469,Anne Fletcher
470,Sidney Lumet
471,Jerome Sable
472,Patrick Skeyhill
473,Richard Kelly
474,Denis Henry Hennelly
475,Andrew Levitas
476,Thomas Vinterberg
477,François Truffaut
478,George Pal
479,Christine Jeffs
480,Peter Yates
481,Lewis Teague
482,Felix van Groeningen
483,Stephen Frears
484,James Keach
485,Andrew Davis
486,Don Roos
487,Florian Henckel von Donnersmarck
488,Kat Coiro
489,Michael Hoffman
490,Hakan Yonat
491,Billy Bob Thornton
492,Richard Linklater
493,Dror Moreh
494,Rob Reiner
495,Jacques Audiard
496,Farah Khan
497,Scott Waugh
498,Madhur Bhandarkar
499,James McTeigue
500,Neil Jordan
501,Stephen Finnigan
502,Sean Anders
503,Terrence Malick
504,Roberto Benigni
505,Steve McQueen
506,George Tillman Jr.
507,Alexander Payne
508,Scott McGehee
509,David Siegel
510,Kurt Wimmer
511,Michael Cuesta
512,Aaron Harvey
513,Gareth Edwards
514,Nick Castle
515,Doug Ellin
516,Jack Heller
517,Wolfgang Groos
518,Atom Egoyan
519,Jessy Terrero
520,Antoine Fuqua
521,Bent Hamer
522,Giuseppe Tornatore
523,Ariel Vromen
524,Phyllida Lloyd
525,Sam Miller
526,Wolfgang Becker
527,Peter Landesman
528,Robert Wise
529,Zalman King
530,David Lynch
531,Liz W. Garcia
532,Robert Zemeckis
533,Wes Anderson
534,Jonathan Teplitzky
535,Andy Fickman
536,Ali Abbas Zafar
537,Brett Ratner
538,Xavier Beauvois
539,Todd Strauss-Schulson
540,Alfonso Gomez-Rejon
541,Subhash Kapoor
542,Liam Lynch
543,Josh Gordon
544,Will Speck
545,Bart Layton
546,Henry Koster
547,Francis Ford Coppola
548,Anthony Minghella
549,Anton Corbijn
550,Ricki Stern
551,Anne Sundberg
552,Ken Loach
553,Eric Rohmer
554,Francesca Archibugi
555,James Dearden
556,Robert Altman
557,Gil Kenan
558,Christopher Landon
559,Arnon Goldfinger
560,Gillian Robespierre
561,Henry Selick
562,John Erick Dowdle
563,Sam Benstead
564,Anthony Silverston
565,Renny Harlin
566,Robert Rodriguez
567,Roger Michell
568,Alex Gibney
569,Roman Prygunov
570,Grégory Levasseur
571,James Gunn
572,Daniel G. Karslake
573,John Sayles
574,Larry Clark
575,Baltasar Kormákur
576,Benjamin Turner
577,Gabe Turner
578,Eric Darnell
579,Tom McGrath
580,Ryan Coogler
581,Marc Forster
582,Joseph Kosinski
583,Carlos Saldanha
584,Mike Mills
585,Lorene Scafaria
586,Ben Wheatley
587,Peter Wellington
588,John Singleton
589,Sanne Vogel
590,Stanley Donen
591,Sam Raimi
592,Mamoru Hosoda
593,Pietro Francisci
594,Abderrahmane Sissako
595,Craig Brewer
596,Joe Johnston
597,Alejandro Monteverde
598,Nima Nourizadeh
599,Gary Shore
600,Mark Osborne
601,John Stevenson
602,Rowdy Herrington
603,Morgan O'Neill
604,Scottnes L. Smith
605,Donald Crisp
606,Buster Keaton
607,Dominic Sena
608,Guillermo del Toro
609,Aleksandr Zeldovich
610,John Madden
611,Roman Polanski
612,Jeremy Sims
613,Jim Field Smith
614,Richard Marquand
615,Brian Helgeland
616,David Chase
617,Rich Christiano
618,Abhishek Kapoor
619,Joe Raffa
620,Harold Cronk
621,Julian Jarrold
622,Diego Kaplan
623,David Schwimmer
624,John Huston
625,Christopher Menaul
626,Gaspar Noé
627,Graham Annable
628,Anthony Stacchi
629,Shawn Christensen
630,Olatunde Osunsanmi
631,Spike Lee
632,Yorgos Lanthimos
633,Mark Pavia
634,Tony Kaye
635,Otto Lang
636,Jamie Bradshaw
637,Aleksandr Dulerayn
638,Noboru Iguchi
639,RZA
640,Frank Miller
641,Susannah Grant
642,Jon M. Chu
643,Caradog W. James
644,Chris Weitz
645,Jackie Chan
646,Debra Granik
647,Justin Simien
648,Saschka Unseld
649,Vitaliy Manskiy
650,Jamie Travis
651,Susan Seidelman
652,James Fargo
653,Peter Cattaneo
654,R.J. Cutler
655,Tom Harper
656,Brad Silberling
657,Richard Loncraine
658,Todd Field
659,Malik Bendjelloul
660,Jonathan Glazer
661,Andrew Haigh
662,Baz Luhrmann
663,Han-min Kim
664,Susan Youssef
665,Mary Harron
666,Frédéric Tcheng
667,Malcolm D. Lee
668,Jordan Vogt-Roberts
669,Yasujirô Ozu
670,Chris Carter
671,Russell Mulcahy
672,Jim Sheridan
673,Patricia Birch
674,Gil Junger
675,Richard Eyre
676,Alexandre Moors
677,Lisa Cholodenko
678,Abbas Kiarostami
679,Kyle Balda
680,David Koepp
681,Charles Laughton
682,Robert Mitchum
683,Terry Sanders
684,Michelangelo Frammartino
685,Michel Franco
686,Teresa Suarez
687,Ryan Murphy
688,Yûichi Satô
689,Armand Mastroianni
690,Henry Hathaway
691,Amy Berg
692,James L. Brooks
693,David M. Rosenthal
694,Vincent Paronnaud
695,Marjane Satrapi
696,Andy Tennant
697,Mimi Leder
698,Ben Stiller
699,Rob Cohen
700,Måns Mårlind
701,Björn Stein
702,Roger Allers
703,Rob Minkoff
704,Dennie Gordon
705,Jane Campion
706,Shuki Levy
707,David Winning
708,Ron Howard
709,David Mackenzie
710,Eric Tsang
711,Sofia Coppola
712,Marisa Miller Wolfson
713,Alfonso Cuarón
714,Yvan Attal
715,Bo Mathorne
716,Leos Carax
717,Karin Fahlén
718,Declan Donnellan
719,Nick Ormerod
720,Michael Dowse
721,Joe Dante
722,Tarsem Singh
723,Ruben Amar
724,Lola Bessis
725,Ruben Fleischer
726,John Lee Hancock
727,Christian Ditter
728,Peter Segal
729,Pascal Laugier
730,J. Lee Thompson
731,Jaume Collet-Serra
732,Mike Johnson
733,Zack Snyder
734,Brad Bird
735,Jan Pinkava
736,Gilles Paquet-Brenner
737,George Stevens
738,Charles Jarrott
739,John Milius
740,Andrew Currie
741,Joss Whedon
742,Franck Khalfoun
743,Paul Brickman
744,Dustin Hoffman
745,Shaad Ali
746,Richard Fleischer
747,Luis Buñuel
748,Jocelyn Moorhouse
749,Milos Forman
750,Frank Perry
751,Sydney Pollack
752,Joshua Oppenheimer
753,Anonymous
754,Christine Cynn
755,Jeannot Szwarc
756,Josh Schwartz
757,Kirk Jones
758,Anurag Kashyap
759,Tony Gilroy
760,Harold Ramis
761,John Hyams
762,Lisanne Pajot
763,James Swirsky
764,Nicholas McCarthy
765,George Lucas
766,Tobe Hooper
767,Luis Mandoki
768,Yuriy Bykov
769,Gina Prince-Bythewood
770,Pietro Germi
771,Billy O'Brien
772,Greg Berlanti
773,Matthew Warchus
774,Joseph Garner
775,Vasili Pichul
776,Dibakar Banerjee
777,Karan Johar
778,Sébastien Lifshitz
779,Fred C. Newmeyer
780,Sam Taylor
781,Paul Scheuring
782,Jacek Borcuch
783,Niels Arden Oplev
784,Tommy Wirkola
785,James Mangold
786,Mohammad Rasoulof
787,Rebecca Miller
788,Jim Jarmusch
789,Randall Wallace
790,James Marsh
791,Peter Chelsom
792,Hettie Macdonald
793,Len Wiseman
794,Chris Wedge
795,Tsz Ming Wong
796,Franco Zeffirelli
797,Todd Berger
798,Douglas Aarniokoski
799,Rick Ernst
800,Jean-Marc Vallée
801,Sharat Katariya
802,Peter Stebbings
803,Aanand Rai
804,Jerry Schatzberg
805,Stewart Wade
806,Hugh Parks
807,Tom Logan
808,John Pogue
809,George Armitage
810,Zaza Urushadze
811,Don Chaffey
812,Maarten Treurniet
813,Jessica Oreck
814,Curt Morgan
815,Robert Kurtzman
816,Bronwen Hughes
817,Dick Tuinder
818,A. Taner Elhan
819,Mike Judge
820,Abel Ferrara
821,Mark Tonderai
822,Anand Tucker
823,Joon Ho Bong
824,Ryan Kawamoto
825,Antti Jokinen
826,Mark Helfrich
827,Sean Penn
828,Quang Dung Nguyen
829,Rawson Marshall Thurber
830,Brian Percival
831,Frank Darabont
832,Diederick Koopal
833,Pete Docter
834,Ronnie Del Carmen
835,Oliver Hirschbiegel
836,Jean-Pierre Jeunet
837,Nicholas Meyer
838,Adil El Arbi
839,Bilall Fallah
840,Bob Peterson
841,Ana Lily Amirpour
842,Andrew Niccol
843,Steven Suderman
844,Jaume Balagueró
845,Fernando Lavanderos Montero
846,Michaël R. Roskam
847,Curtis Hanson
848,Anthony Hemingway
849,Cédric Klapisch
850,Michael T. Vollmann
851,Werner Herzog
852,David Frankel
853,Paolo Virzì
854,Simone Scafidi
855,Carlo A. Sigon
856,Colin Strause
857,Greg Strause
858,Jean Loubignac
859,Jordan Scott
860,Mark Simon Hewis
861,Max Joseph
862,Rian Johnson
863,Eric Steel
864,Luiso Berdejo
865,Bob Dolman
866,Paolo Sorrentino
867,Peter Hewitt
868,Yimou Zhang
869,Tyler Perry
870,Mira Nair
871,Raja Gosnell
872,Hannes Holm
873,Henry Joost
874,Ariel Schulman
875,Anatole Litvak
876,Zal Batmanglij
877,James Cameron
878,Conrad Vernon
879,Peter Sollett
880,Yôjirô Takita
881,James Bobin
882,Sam Wood
883,Dmitriy Dyachenko
884,Alexandre de La Patellière
885,Matthieu Delaporte
886,Amma Asante
887,Corey Grant
888,Sarah Gavron
889,Tom Green
890,Kaige Chen
891,Christophe Offenstein
892,Jesse Lawrence
893,David Sandberg
894,Jacob Vaughan
895,Phil Traill
896,Shinsuke Sato
897,Earl Palma
898,Jennifer Siebel Newsom
899,Kimberlee Acquaro
900,Louise Friedberg
901,Aleksey Uchitel
902,George Ratliff
903,Hans Petter Moland
904,Jean-Claude La Marre
905,Stiles White
906,Luis Prieto
907,Peter Mullan
908,Sriram Raghavan
909,Tom McCarthy
910,Abdellatif Kechiche
911,Jean Girault
912,James Foley
913,Guillaume Gallienne
914,Neil Burger
915,George Roy Hill
916,Ryûhei Kitamura
917,Tomas Alfredson
918,Anne Fontaine
919,Peter Webber
920,Erik Van Looy
921,Jerome Robbins
922,Catherine Hardwicke
923,James Strong
924,James DeMonaco
925,Shane Salerno
926,Don Siegel
927,Zach Braff
928,Vincent Ward
929,Carlos Marques-Marcet
930,Mukunda Michael Dewil
931,Edward Zwick
932,Peter R. Hunt
933,Bruce McDonald
934,François Ozon
935,Aleksander Bach
936,Patrick Lussier
937,Terry Zwigoff
938,Nuri Bilge Ceylan
939,Matt Duffer
940,Ross Duffer
941,Jean Becker
942,Seung-wan Ryoo
943,Bob Clark
944,Byron Howard
945,Chris Williams
946,Judith Krant
947,Ed Gass-Donnelly
948,Michael Apted
949,Pat Holden
950,Louis Malle
951,Richard Glatzer
952,Wash Westmoreland
953,Kaneto Shindô
954,Peter Winther
955,Peter Lepeniotis
956,Matt Shakman
957,Herk Harvey
958,Zachary Heinzerling
959,Cate Shortland
960,Stefen Fangmeier
961,Roman Karimov
962,Joe Smalley
963,Tess Smalley
964,Brett Simmons
965,Martin McDonagh
966,Steven Knight
967,Ron Clements
968,John Musker
969,Bille Woodruff
970,Luke Greenfield
971,Yann Demange
972,Levan Gabriadze
973,Sydney Sibilia
974,Carl Rinsch
975,Jules Stewart
976,Laurent Tirard
977,Sebastián Cordero
978,Lenny Abrahamson
979,Simon J. Smith
980,Brin Hill
981,Julian Farino
982,Mark Pellington
983,Matt Bettinelli-Olpin
984,David Bruckner
985,Tyler Gillett
986,Justin Martinez
987,Glenn McQuaid
988,Radio Silence
989,Joe Swanberg
990,Chad Villella
991,Rupert Wyatt
992,Lawrence Kasdan
993,Vishal Bhardwaj
994,Jeethu Joseph
995,Kevin Connolly
996,Rich Moore
997,Roger Donaldson
998,Marcel Carné
999,Nathan Greno
1000,Robert Bresson
1001,Prachya Pinkaew
1002,Leigh Whannell
1003,Gary Winick
1004,Charles Stone III
1005,Darren Lynn Bousman
1006,Adam Shankman
1007,Scott Cooper
1008,Richard LaGravenese
1009,Duncan Tucker
1010,Michael Tiddes
1011,Roy Andersson
1012,Makoto Shinkai
1013,Robert Parrish
1014,Tim Oliehoek
1015,Anton Megerdichev
1016,Don Bluth
1017,Thomas Carter
1018,Leslie Iwerks
1019,Bülent Isbilen
1020,Stephen Daldry
1021,Simon West
1022,Kelly Reichardt
1023,Sandy Collora
1024,Bruno Irizarry
1025,Brett Kelly
1026,Gregg Araki
1027,Ted Demme
1028,Jon Poll
1029,Luc Besson
1030,Sean McConville
1031,Sheree Folkson
1032,Jean Eustache
1033,Massy Tadjedin
1034,Marius Balchunas
1035,David Dodson
1036,Josh Stolberg
1037,John R. Leonetti
1038,John Lasseter
1039,Joe Ranft
1040,Tommy Lee Jones
1041,Dexter Fletcher
1042,Gary Trousdale
1043,Kirk Wise
1044,John Boorman
1045,John Crowley
1046,George Clooney
1047,James Ivory
1048,Jason Spingarn-Koff
1049,Ned Benson
1050,Nick Murphy
1051,Nicholas Smith
1052,Josh Boone
1053,Hany Abu-Assad
1054,Jeff Renfroe
1055,Alejandro González Iñárritu
1056,Geoffrey Fletcher
1057,Ursula Meier
1058,Daniel Lusko
1059,Alejandro Jodorowsky
1060,Brian Pulido
1061,Ari Sandel
1062,Rohit Dhawan
1063,Daan Veldhuizen
1064,Rob Zombie
1065,David Yates
1066,Nigel Cole
1067,Rebecca Zlotowski
1068,Hüseyin Tabak
1069,Keith Parmer
1070,Eran Creevy
1071,Nicholas Stoller
1072,Kim Farrant
1073,Michael Curtiz
1074,William Keighley
1075,Antoinette Beumer
1076,Diablo Cody
1077,Ruairi Robinson
1078,Phillip Noyce
1079,Lewis Gilbert
1080,Morgan Spurlock
1081,Carol Reed
1082,Penelope Spheeris
1083,John Patrick Shanley
1084,Seth Gordon
1085,Griffin Dunne
1086,Brigitte Sy
1087,John McTiernan
1088,Nat Faxon
1089,Jim Rash
1090,Nadav Schirman
1091,Gabriela Pichler
1092,Bruce Beresford
1093,Albert Brooks
1094,Daniel Lee
1095,K. Selvaraghavan
1096,Scott Kalvert
1097,Joel Schumacher
1098,Greg 'Freddy' Camalier
1099,Dave Green
1100,Brian Trenchard-Smith
1101,Damian Lee
1102,Kanti Shah
1103,Tate Taylor
1104,Tom Brady
1105,Woo-Ping Yuen
1106,Ellie Kanner
1107,Jean Renoir
1108,Raoul Walsh
1109,John Turturro
1110,Chris Buck
1111,Jennifer Lee
1112,Joanna Hogg
1113,William Kaufman
1114,Andrea Arnold
1115,Brad Lewis
1116,Yoshifumi Kondô
1117,Antonis Aggelopoulos
1118,Bertrand Blier
1119,Daniel Lindsay
1120,T.J. Martin
1121,Sngmoo Lee
1122,John Michael McDonagh
1123,Robert Clouse
1124,Alex van Warmerdam
1125,John Glen
1126,Taika Waititi
1127,Daniel Barnz
1128,Kleber Mendonça Filho
1129,Sebastian Gutierrez
1130,Neil Oseman
1131,Pawel Pawlikowski
1132,Jean-François Richet
1133,Lucía Puenzo
1134,Teddy Chan
1135,Raymond De Felitta
1136,Gerrard Verhage
1137,Michelle Schumacher
1138,Sebastián Silva
1139,Rob Thomas
1140,Nicole Holofcener
1141,Akiva Goldsman
1142,Megan Griffiths
1143,Çagan Irmak
1144,Dan Gilroy
1145,Makoto Kamiya
1146,Robert Heath
1147,Buddy Van Horn
1148,Jehane Noujaim
1149,Manny Rodriguez
1150,Jay Lavender
1151,Asger Leth
1152,Jaco Van Dormael
1153,Patrick Hughes
1154,Carl Franklin
1155,Clark Gregg
1156,Mark Neveldine
1157,Brian Taylor
1158,Aramis Tatu
1159,Adel Adelson
1160,Nikolaj Arcel
1161,Robert Stevenson
1162,Anthony Russo
1163,Joe Russo
1164,Jan de Bont
1165,Brian Holden
1166,Peter MacDonald
1167,Boaz Yakin
1168,Dany Boon
1169,James Nguyen
1170,David Palmer
1171,Dax Shepard
1172,Ben Affleck
1173,Aleksandr Pavlovskiy
1174,Karl Lear
1175,Jonathan Demme
1176,Robert Mulligan
1177,Alexander Witt
1178,Stuart Simpson
1179,Ferzan Ozpetek
1180,Genndy Tartakovsky
1181,Jim Sharman
1182,Sergey Bodrov
1183,Charles Chaplin
1184,Akira Kurosawa
1185,Tetsuichirô Tsuta
1186,James Mather
1187,Stephen St. Leger
1188,Breck Eisner
1189,Dan Bradley
1190,Shashanka Ghosh
1191,Robin Budd
1192,Donovan Cook
1193,Mickey Liddell
1194,Jon Kasdan
1195,Bobby Boermans
1196,Tyler Oliver
1197,Rob Marshall
1198,Marcus Dunstan
1199,Marc Lawrence
1200,David Michôd
1201,Patrice Leconte
1202,John Wells
1203,Brian Herzlinger
1204,Nick Hamm
1205,Dominique Deruddere
1206,Joseph Ruben
1207,Eli Roth
1208,F. Gary Gray
1209,Denzel Washington
1210,Kabir Khan
1211,Terence Young
1212,Armando Iannucci
1213,Kenneth Lonergan
1214,Neill Blomkamp
1215,Shane Meadows
1216,Menhaj Huda
1217,Julien Leclercq
1218,Milind Ukey
1219,Osman Sinav
1220,Jon Lucas
1221,Scott Moore
1222,Michael Spierig
1223,Peter Spierig
1224,David R. Ellis
1225,Hiromasa Yonebayashi
1226,Ben Rivers
1227,Søren Kragh-Jacobsen
1228,Iain Softley
1229,Till Schauder
1230,Hirokazu Koreeda
1231,Kambuzia Partovi
1232,Jeffrey Schwarz
1233,Craig Zobel
1234,Colin Trevorrow
1235,Leticia Tonos
1236,Rikki Beadle Blair
1237,Jon S. Baird
1238,Sean S. Cunningham
1239,Severin Fiala
1240,Veronika Franz
1241,Russell Crowe
1242,Courtney Solomon
1243,Hong-jin Na
1244,Michael Chapman
1245,Julie Taymor
1246,Dylan C. Brown
1247,Adam MacDonald
1248,Oliver Parker
1249,Tim Story
1250,Justin Kelly
1251,David O. Russell
1252,Robert Aldrich
1253,Nagisa Ôshima
1254,Tim Johnson
1255,Pascale Pouzadoux
1256,Mehdi Rahmani
1257,Don Hall
1258,Fabián Bielinsky
1259,Kevin Smith
1260,Julie Anne Robinson
1261,John Cameron Mitchell
1262,Jeff Baena
1263,Gavin O'Connor
1264,Harold Becker
1265,Hiroshi Teshigahara
1266,Keenen Ivory Wayans
1267,Victor Levin
1268,Olivier Nakache
1269,Eric Toledano
1270,Stefan Ruzowitzky
1271,Philip G. Atwell
1272,Thomas Bezucha
1273,Ed Harris
1274,Joseph L. Mankiewicz
1275,Jay Roach
1276,Robert Harmon
1277,David McNally
1278,Kieran Darcy-Smith
1279,George Gallo
1280,James Nunn
1281,Ronnie Thompson
1282,Nimród Antal
1283,Andy De Emmony
1284,Pedro Almodóvar
1285,Paul Weitz
1286,Kazuaki Kiriya
1287,Tamra Davis
1288,Ken Scott
1289,Kirk De Micco
1290,Kevin Tancharoen
1291,Jen McGowan
1292,Cem Yilmaz
1293,W.S. Van Dyke
1294,Kevin James Barry
1295,Jacob Aaron Estes
1296,René Clair
1297,Joko Anwar
1298,Antonio Negret
1299,Ralph Levy
1300,Philip Kaufman
1301,Michael Sucsy
1302,Isshin Inudô
1303,Will Canon
1304,Michel Hazanavicius
1305,Lee Toland Krieger
1306,Shinji Aramaki
1307,Benjamin Stoloff
1308,John Irvin
1309,Ömer Faruk Sorak
1310,Kar-wai Wong
1311,Eric Lartigau
1312,Lone Scherfig
1313,Lee Unkrich
1314,Jason Bateman
1315,Josh Trank
1316,Aaron Katz
1317,Martha Stephens
1318,Bob Rafelson
1319,David Scheinmann
1320,Jon Avnet
1321,Charles Kaufman
1322,Rohit Shetty
1323,Robert Stromberg
1324,Nikita Mikhalkov
1325,Matthew Chapman
1326,Wei Lo
1327,Paul Weiland
1328,Michael Rasmussen
1329,Shawn Rasmussen
1330,Justin Zackham
1331,Sacha Gervasi
1332,Gary McKendry
1333,J.J. Abrams
1334,Joshua Michael Stern
1335,Loveleen Tandan
1336,Jesse V. Johnson
1337,Ken Annakin
1338,Kjell Sundvall
1339,Federico Fellini
1340,J.T. Petty
1341,Nicholas Ray
1342,Tony Oliver
1343,Ryuichi Yagi
1344,Takashi Yamazaki
1345,Mel Brooks
1346,Zachary Donohue
1347,Robert Ben Garant
1348,Thomas Lennon
1349,Michael Winterbottom
1350,Iain Forsyth
1351,Jane Pollard
1352,Jonas Alexander Arnby
1353,Nicholas Fackler
1354,H. Bruce Humberstone
1355,Steve Martino
1356,Mike Thurmeier
1357,Henry Hobson
1358,Evelyn Purcell
1359,Pablo Larraín
1360,Mikhaël Hers
1361,Don Scardino
1362,Rajkumar Hirani
1363,Aleksey Chupov
1364,Natalya Merkulova
1365,Tom Tykwer
1366,Tom Gormican
1367,Mohsen Makhmalbaf
1368,Martin Williams
1369,Jonathan Lynn
1370,Brian Spitz
1371,David Twohy
1372,Herman Yau
1373,Hossein Amini
1374,John Carney
1375,Jonathan Levine
1376,Joe Nussbaum
1377,Josh Radnor
1378,Stephen Elliott
1379,Eugenio Mira
1380,Michael Caton-Jones
1381,Mikael Salomon
1382,Ali Atay
1383,C. Thomas Howell
1384,Patrick Read Johnson
1385,Frank Capra
1386,Katrin Gebbe
1387,Rakeysh Omprakash Mehra
1388,Jorge Torregrossa
1389,Douglas McGrath
1390,Dominic Harari
1391,Teresa Pelegri
1392,Afonso Poyart
1393,Campbell Scott
1394,Stanley Tucci
1395,Steven Quale
1396,Lexi Alexander
1397,Jean Vigo
1398,Kathryn Bigelow
1399,John Woo
1400,Courteney Cox
1401,William Monahan
1402,Charles Shyer
1403,Jason Friedberg
1404,Aaron Seltzer
1405,Dan Mazer
1406,Garry Marshall
1407,Ted Kotcheff
1408,Ciarán Foy
1409,Toby Genkel
1410,Sean McCormack
1411,Gonzalo López-Gallego
1412,Saket Chaudhary
1413,Ayan Mukherjee
1414,James Griffiths
1415,Kelly Dolen
1416,Hamid Jebeli
1417,Rob Letterman
1418,Dariush Mehrjui
1419,David Lowery
1420,Neeraj Pandey
1421,Brad Peyton
1422,Ariel Zeitoun
1423,Vikas Bahl
1424,Franc Roddam
1425,Gillo Pontecorvo
1426,Fredi M. Murer
1427,Nikolay Lebedev
1428,Trey Parker
1429,Adam Green
1430,Rainer Werner Fassbinder
1431,Nick Tomnay
1432,José Padilha
1433,Bahman Ghobadi
1434,Paul McGuigan
1435,Shana Feste
1436,Diane English
1437,Sohail Khan
1438,Mat Whitecross
1439,Kinji Fukasaku
1440,John Landis
1441,Joseph Gordon-Levitt
1442,Bruce Robinson
1443,Charles Barton
1444,Felix Herngren
1445,Timo Vuorensola
1446,Michael Pressman
1447,Mohit Suri
1448,Bryan Bertino
1449,Roel Reiné
1450,Antonio Tublen
1451,Tom DiCillo
1452,Pegi Vail
1453,Rob Bowman
1454,Juan Carlos Fresnadillo
1455,Kenneth Branagh
1456,Fatih Akin
1457,Randall Balsmeyer
1458,Shunji Iwai
1459,Wen Jiang
1460,Shekhar Kapur
1461,Joshua Marston
1462,Natalie Portman
1463,Philippe Falardeau
1464,Rodrigo Cortés
1465,Adrian Grunberg
1466,Wei Zhao
1467,Elizabeth Allen Rosenbaum
1468,Jonathan Dayton
1469,Valerie Faris
1470,John Duigan
1471,Corey Yuen
1472,Ben Plazzer
1473,Hua-Tao Teng
1474,Klay Hall
1475,Shoojit Sircar
1476,Judd Apatow
1477,David Soren
1478,J.C. Calciano
1479,Dito Montiel
1480,John Hughes
1481,Kriv Stenders
1482,Terry George
1483,Aleksandr Petrov
1484,Eugenio Derbez
1485,Michael McCarthy
1486,Timur Bekmambetov
1487,Benjamin Renner
1488,Tim Robbins
1489,Danny Cannon
1490,Danny Pang
1491,Oxide Chun Pang
1492,Theodore Melfi
1493,Oliver Schmitz
1494,Val Guest
1495,William Brent Bell
1496,Chris Butler
1497,Sam Fell
1498,Adam Gierasch
1499,Kevin Goetz
1500,Michael Goetz
1501,Cemal San
1502,James Kent
1503,Elise Robertson
1504,Seong-hoon Kim
1505,Patty Jenkins
1506,Karl Mueller
1507,Mark Andrews
1508,Brenda Chapman
1509,Steve Purcell
1510,Oriol Paulo
1511,Manuel Sicilia
1512,Vladimir Bortko
1513,Robert B. Weide
1514,Michaël Cohen
1515,Bibo Bergeron
1516,Vicky Jenson
1517,Lisa Azuelos
1518,Daniel Benmayor
1519,Shari Springer Berman
1520,Robert Pulcini
1521,Nicholaus Goossen
1522,Tran Anh Hung
1523,Christopher Neil
1524,Martin Brest
1525,Stephan Elliott
1526,Akiva Schaffer
1527,Makinov
1528,John Mitchell
1529,Jeremy Kipp Walker
1530,Fritz Lang
1531,Karyn Kusama
1532,Scott Frank
1533,Drew Goddard
1534,Emir Kusturica
1535,David Foenkinos
1536,Stéphane Foenkinos
1537,Brian A Miller
1538,Nicholas Jarecki
1539,Jon Amiel
1540,Mark Steven Johnson
1541,Xavier Dolan
1542,Andrey Zvyagintsev
1543,George Nolfi
1544,Claude Goretta
1545,Joe Pytka
1546,Les Mayfield
1547,Wally Pfister
1548,Bruno Dumont
1549,Randy Moore
1550,Gary Fleder
1551,Benson Lee
1552,James Whale
1553,Nick Broomfield
1554,Dong-hoon Choi
1555,Ritesh Batra
1556,Kevin Bray
1557,William Eubank
1558,Jeff Nichols
1559,David Mirkin
1560,Simon Curtis
1561,Joachim Rønning
1562,Espen Sandberg
1563,Stu Zicherman
1564,Michael Pavone
1565,Declan Lowney
1566,Baran bo Odar
1567,Kaare Andrews
1568,Angel Gracia
1569,William Cottrell
1570,David Hand
1571,Wilfred Jackson
1572,Larry Morey
1573,Perce Pearce
1574,Ben Sharpsteen
1575,Ralph Eggleston
1576,Sebastian del Amo
1577,Eric Bress
1578,J. Mackye Gruber
1579,Daniel Alfredson
1580,Cody Cameron
1581,Kris Pearn
1582,Sean Tretta
1583,John Butler
1584,Dennis Bots
1585,Neil LaBute
1586,Jonathan Hensleigh
1587,Joel Edgerton
1588,Geoffrey Sax
1589,Sang-yoon Lim
1590,Max Ophüls
1591,Jalil Lespert
1592,Michelangelo Antonioni
1593,Rodney Ascher
1594,Mark Ashmore
1595,Mahsun Kirmizigül
1596,Mario Zampi
1597,Elizabeth Banks
1598,Steven Brill
1599,Steve Carr
1600,Rusty Cundieff
1601,James Duffy
1602,Patrik Forsberg
1603,Will Graham
1604,Jonathan van Tulleken
1605,Bob Odenkirk
1606,Kunal Kohli
1607,Juan Solanas
1608,Sergei Parajanov
1609,Leonid Gayday
1610,Silvio Soldini
1611,Tonie Marshall
1612,Louise Osmond
1613,Jerry Rothwell
1614,Garth Jennings
1615,Andrés Muschietti
1616,Alexis Dos Santos
1617,Gabe Ibáñez
1618,Nicolás López
1619,Stanley Kramer
1620,Gabriele Muccino
1621,Mario Van Peebles
1622,Kivanc Baruonu
1623,Pif
1624,Nick Love
1625,Sean Baker
1626,BJ McDonnell
1627,Gary Ross
1628,Kar Wai Wong
1629,Emanuel Hoss-Desmarais
1630,Ashima Chibber
1631,Pou-Soi Cheang
1632,Perry Blackshear
1633,Jeff Orlowski
1634,Sergey Mokritskiy
1635,Cristian Mungiu
1636,Crispian Mills
1637,Chris Hopewell
1638,Allan Ungar
1639,Jennifer Kent
1640,Todd Haynes
1641,Sean Durkin
1642,Simon Wincer
1643,Tim McCanlies
1644,Jonathan Sobol
1645,Richard Schenkman
1646,Jean-Pierre Dardenne
1647,Luc Dardenne
1648,Ryan Little
1649,Adam Carolla
1650,Kevin Hench
1651,Burak Aksak
1652,Kirby Dick
1653,Marcos Jorge
1654,Jeremiah S. Chechik
1655,Guillaume Canet
1656,Armen Evrensel
1657,Keanu Reeves
1658,Gabe Torres
1659,Chad Stahelski
1660,David Leitch
1661,Franz Antel
1662,Steve Buscemi
1663,Francesco Rosi
1664,Gauri Shinde
1665,Georges Franju
1666,Alan Shapiro
1667,Rob Pearlstein
1668,Ben Lewin
1669,Richard Attenborough
1670,Morten Tyldum
1671,Drew Barrymore
1672,Zack Parker
1673,Jacob Hatley
1674,Brian Knappenberger
1675,Richard C. Sarafian
1676,John Frankenheimer
1677,Paco Cabezas
1678,Chris Gorak
1679,Giovanni Columbu
1680,Youssef Delara
1681,Michael D. Olmos
1682,Evan Goldberg
1683,Seth Rogen
1684,Kees van Nieuwkerk
1685,Andrey Konchalovskiy
1686,Daniel Hsia
1687,Mark Hartley
1688,Andrew Bergman
1689,Parviz Shahbazi
1690,Dictynna Hood
1691,Dmitriy Meskhiev
1692,Bart Freundlich
1693,Raul del Busto
1694,Fisher Stevens
1695,John Poliquin
1696,John Krokidas
1697,Steffen Haars
1698,Flip Van der Kuil
1699,Derek Cianfrance
1700,Andreas Öhman
1701,Sam Taylor-Johnson
1702,Leslye Headland
1703,Peter Cornwell
1704,Glenn Gordon Caron
1705,Joe Chappelle
1706,Andrew Adamson
1707,John Moore
1708,John Schlesinger
1709,Morgan Matthews
1710,Roy Ward Baker
1711,Steven Baigelman
1712,Lynne Ramsay
1713,Matteo Garrone
1714,Hella Joof
1715,Pascal Chaumeil
1716,Ruben Östlund
1717,Diego Luna
1718,Jim Taihuttu
1719,Dennis Iliadis
1720,Stephen Hopkins
1721,Chris Crow
1722,Hamid Nematollah
1723,George Pavlou
1724,Zak Hilditch
1725,Leslie Small
1726,Bobcat Goldthwait
1727,Godfrey Reggio
1728,Mikkel Brænne Sandemose
1729,Mike Cahill
1730,Yash Chopra
1731,Ira Sachs
1732,Scott Stewart
1733,Edoardo Leo
1734,Vikram Bhatt
1735,Christopher Smith
1736,Paul Harather
1737,Ole Giæver
1738,Marte Vold
1739,Andrew Jarecki
1740,Stephen Herek
1741,Ahmed El Maanouni
1742,Barbara Schroeder
1743,Steve Pink
1744,Terry Jones
1745,Emmanuel Mouret
1746,Michael A. Nickles
1747,Olivier Assayas
1748,Frédéric Auburtin
1749,Emmanuel Benbihy
1750,Gurinder Chadha
1751,Sylvain Chomet
1752,Isabel Coixet
1753,Gérard Depardieu
1754,Christopher Doyle
1755,Vincenzo Natali
1756,Bruno Podalydès
1757,Walter Salles
1758,Nobuhiro Suwa
1759,Daniela Thomas
1760,Colin Minihan
1761,Stuart Ortiz
1762,The Vicious Brothers
1763,Richard Clabaugh
1764,Arthur Penn
1765,Paul Wright
1766,Alexandre Aja
1767,Ben Palmer
1768,Steve Barron
1769,Owen Hurley
1770,Alberto Arvelo
1771,Frederick Wiseman
1772,Michael Ritchie
1773,Stuart Blumberg
1774,Nir Paniry
1775,Nicholas Hytner
1776,Ricky Gervais
1777,Stephen Merchant
1778,Craig Gillespie
1779,Elliot Silverstein
1780,Bernardo Bertolucci
1781,Anthony DiBlasi
1782,Ava DuVernay
1783,Jeremy Garelick
1784,Drake Doremus
1785,Carol Morley
1786,Hélène Cattet
1787,Bruno Forzani
1788,Guillem Morales
1789,Sam Peckinpah
1790,Michael Webber
1791,Ui-seok Jo
1792,Byung-seo Kim
1793,Julio Medem
1794,Tom Kuntz
1795,Mike Maguire
1796,Hiner Saleem
1797,Benh Zeitlin
1798,Ashutosh Gowariker
1799,Michael Crichton
1800,Fernando Méndez
1801,Rouhollah Hejazi
1802,Tom Berninger
1803,Howard Hawks
1804,Sarah Polley
1805,Howard McCain
1806,Xavier Gens
1807,Jean-Marc Minéo
1808,Steven R. Monroe
1809,Bill Pohlad
1810,Mikhail Tumanishvili
1811,Clive Barker
1812,James Watkins
1813,Eyad Zahra
1814,Joël Vanhoebrouck
1815,Jimmy Hayward
1816,John Francis Daley
1817,Jonathan M. Goldstein
1818,Carl Christman
1819,Quentin Dupieux
1820,Fritz Kiersch
1821,Jared Leto
1822,Paul Michael Glaser
1823,Mark A.Z. Dippé
1824,Gaëtan Brizzi
1825,Paul Brizzi
1826,Joan C. Gratz
1827,Mohammed Saeed Harib
1828,Tomm Moore
1829,Nina Paley
1830,Bill Plympton
1831,Joann Sfar
1832,Michal Socha
1833,Ettore Scola
1834,Clément Michel
1835,Nelson McCormick
1836,David S. Goyer
1837,Don McKellar
1838,Elaine Constantine
1839,Danny Leiner
1840,Olivier Dahan
1841,Joel Zwick
1842,Damon Beesley
1843,Iain Morris
1844,Anna Boden
1845,Ryan Fleck
1846,Tom Putnam
1847,Peter Chan
1848,Christian Petzold
1849,Aleksandr Veledinskiy
1850,Chris Kentis
1851,Laura Lau
1852,Joe Lynch
1853,Henrik Ruben Genz
1854,Kátia Lund
1855,Matthijs van Heijningen Jr.
1856,Damián Szifrón
1857,Anthony M. Lanza
1858,Yann Arthus-Bertrand
1859,Daniel Espinosa
1860,Sean Ellis
1861,Ed Bye
1862,Lynn Shelton
1863,Michael Laughlin
1864,Brian Dannelly
1865,Sang-il Lee
1866,Danny DeVito
1867,Jeff Schaffer
1868,Alec Berg
1869,David Mandel
1870,John Sturges
1871,Bryan Spicer
1872,Jay Bulger
1873,Laurent Malaquais
1874,George Hencken
1875,François Girard
1876,Derek Savage
1877,Anthony C. Ferrante
1878,Arif Ali
1879,Jason Lapeyre
1880,Robert Wilson
1881,Todd Solondz
1882,Joe Roth
1883,Gene Kelly
1884,Davis Guggenheim
1885,Stuart Beattie
1886,Diego Quemada-Díez
1887,Jessie Nelson
1888,Harmony Korine
1889,Sung-bo Shim
1890,Álex de la Iglesia
1891,Takashi Shimizu
1892,Courtney Hunt
1893,Daniel Nettheim
1894,John Pasquin
1895,Diederik Ebbinge
1896,Terence Davies
1897,Paul King
1898,Linda Bloodworth-Thomason
1899,Catherine Corsini
1900,Sergey Loznitsa
1901,Daniel Ribeiro
1902,Leo McCarey
1903,Tony Giglio
1904,Fred Schepisi
1905,David Slade
1906,Kari Anne Moe
1907,Rezo Gigineishvili
1908,Karen Oganesyan
1909,Jemaine Clement
1910,Emile Edwin Smith
1911,Bruce A. Evans
1912,Benjamin Christensen
1913,Konstantin Bronzit
1914,Johan Earl
1915,Adrian Powers
1916,Anatoly Eyramdzhan
1917,Billy Ray
1918,Otto Preminger
1919,Adam Robitel
1920,Tony Richardson
1921,Jason Moore
1922,Robert Lorenz
1923,Orson Welles
1924,Haifaa Al-Mansour
1925,Rohan Sippy
1926,Eran Riklis
1927,Eiichirô Hasumi
1928,Felix Chong
1929,Ernie Barbarash
1930,Jeremy Saulnier
1931,Clark Johnson
1932,Lee Tamahori
1933,Gennaro Nunziante
1934,Ilmar Raag
1935,Roger Corman
1936,Hoon-jung Park
1937,Davide Manuli
1938,Gorô Miyazaki
1939,Ric Roman Waugh
1940,Adrian Lyne
1941,Jonathan Newman
1942,Jodie Foster
1943,Mikael Syrén
1944,Mrigdeep Singh Lamba
1945,Shinichirô Watanabe
1946,Hiroyuki Okiura
1947,Andrew V. McLaglen
1948,Matthew Weiner
1949,Lisa Barros D'Sa
1950,Glenn Leyburn
1951,Marcus Markou
1952,Daniel Schechter
1953,Banksy
1954,James Algar
1955,Hendel Butoy
1956,Francis Glebas
1957,Eric Goldberg
1958,Don Hahn
1959,Pixote Hunt
1960,Ruba Nadda
1961,Peter Medak
1962,Taner Gündöner
1963,Beth Aala
1964,Mike Myers
1965,Uwe Boll
1966,Yûya Ishii
1967,Georgiy Daneliya
1968,Travis Cluff
1969,Chris Lofing
1970,Wayne Kramer
1971,George C. Wolfe
1972,Brian Klugman
1973,Lee Sternthal
1974,Irwin Winkler
1975,Gotham Chopra
1976,Jonathan English
1977,Rob Epstein
1978,Jeffrey Friedman
1979,Richard Franklin
1980,Oren Peli
1981,So Yong Kim
1982,Stuart Hazeldine
1983,Bilal Lashari
1984,Richard Curtis
1985,Stephen Chbosky
1986,Kasper Barfoed
1987,Joseph Anthony
1988,Jack Sholder
1989,Paul Andrew Williams
1990,Neil Marshall
1991,Claude Lelouch
1992,Chris Smith
1993,David A. Armstrong
1994,Don Mancini
1995,Chris Miller
1996,David Guy Levy
1997,Louie Psihoyos
1998,Frank A. Cappello
1999,Rebecca Thomas
2000,Shane Abbess
2001,Peyman Moaadi
2002,Alejandro Agresti
2003,Apichatpong Weerasethakul
2004,Wolfgang Reitherman
2005,Alberto Rodriguez
2006,Claire Carré
2007,Herbert Ross
2008,Bertrand Tavernier
2009,Craig Monahan
2010,Matthew Robinson
2011,Pedro Urrutia
2012,Gérard Oury
2013,Jack Perez
2014,Marcus Nispel
2015,Peter Sattler
2016,Byeong-gil Jeong
2017,Skip Woods
2018,Martin Ritt
2019,Roland Joffé
2020,J.D. Chakravarthi
2021,Manish Gupta
2022,Sajid Khan
2023,Jijy Philip
2024,Prawaal Raman
2025,Vivek Shah
2026,Ram Gopal Varma
2027,Fred M. Wilcox
2028,David Boyd
2029,Megan Mylan
2030,Mabrouk El Mechri
2031,Anthony Chen
2032,Philippe Setbon
2033,Paul Tibbitt
2034,Heitor Dhalia
2035,Imtiaz Ali
2036,Aram Gülyüz
2037,John Badham
2038,Luis Carlos Hueck
2039,Ruben Smit
2040,Mark Verkerk
2041,David Beaird
2042,Scott Walker
2043,Mark Levinson
2044,Jesús Monllaó
2045,John Huddles
2046,Steve James
2047,Juan José Campanella
2048,Joseph M. Newman
2049,Israel Luna
2050,N/A
2051,Andrew Erwin
2052,Jon Erwin
2053,Mikhail Segal
2054,Clio Barnard
2055,Eli Sasich
2056,Barry Shear
2057,Joshua Logan
2058,Claudia Llosa
2059,John Ford
2060,Calin Peter Netzer
2061,Dean Israelite
2062,Daniel Geller
2063,Dayna Goldfine
2064,Jay Kanzler
2065,Luis Piedrahita
2066,Rodrigo Sopeña
2067,John Gatins
2068,Justin Chadwick
2069,Greg Francis
2070,Sidney Lanfield
2071,Roar Uthaug
2072,Robert Kenner
